,Image,Accuracy,F1,Jaccard,Recall,Precision
0,Placa1-imagen4.jpg,0.9968059239610964,0.8221100578603964,0.6979515050167224,0.8733978550876276,0.7765116279069767
1,Placa1-imagen5.jpg,0.9987245800176835,0.8837865055387714,0.7917719234933237,0.8497288923315259,0.9206882081409987
2,Placa1-imagen10.jpg,0.9973872679045093,0.8542899408284024,0.7456423499031634,0.824607329842932,0.8861892583120204
3,Placa1-imagen13.jpg,0.9990495137046861,0.8968824940047961,0.8130434782608695,0.8669448307834956,0.9289617486338798
4,Placa1-imagen14.jpg,0.9972082228116711,0.7996192289386008,0.6661379857256146,0.7692307692307693,0.8325074331020813
5,Placa1-imagen15.jpg,0.9987577365163572,0.8887128712871287,0.7997148966500356,0.8986784140969163,0.8789659224441834
