,Image,Accuracy,F1,Jaccard,Recall,Precision
0,Placa1-imagen4.jpg,0.9999115826702034,0.9947589098532494,0.9895724713242962,0.9929374836515825,0.9965870307167235
1,Placa1-imagen5.jpg,0.999946949602122,0.9953361834434513,0.990715667311412,0.9918667699457785,0.998829953198128
2,Placa1-imagen10.jpg,0.9993081343943413,0.9625732392682051,0.9278469340710005,0.9578772013326987,0.9673155491468397
3,Placa1-imagen13.jpg,0.9999580017683466,0.9955865272938444,0.9912118408880666,0.9935095039406583,0.9976722532588455
4,Placa1-imagen14.jpg,0.9995579133510168,0.9691738594327991,0.9401913875598086,0.9597069597069597,0.9788293897882939
5,Placa1-imagen15.jpg,0.999944739168877,0.9949909837707873,0.9900318979266348,0.9943932719263116,0.995589414595028
