,Image,Accuracy,F1,Jaccard,Recall,Precision
0,Placa1-imagen10.jpg,0.9994164456233422,0.9687721788502485,0.9394356503785272,0.9745359352689196,0.9630761994355598
1,Placa1-imagen11.jpg,0.9994164456233422,0.9549026306798769,0.9136972866949984,0.9614723082215342,0.9484221241940957
2,Placa1-imagen13.jpg,0.9995335985853228,0.9508959739353038,0.9063886424134872,0.9471488178025035,0.9546728971962617
3,Placa1-imagen16.jpg,0.9993921308576481,0.9634065202927478,0.9293966623876765,0.9679144385026738,0.9589403973509933
4,Placa1-imagen17.jpg,0.9995866489832007,0.9530032671525508,0.9102256361017763,0.962925342813611,0.9432835820895522
5,Placa1-imagen19.jpg,0.9996286472148541,0.9630444346678398,0.9287229529062367,0.9621978021978022,0.9638925583443417
