,Image,Accuracy,F1,Jaccard,Recall,Precision
0,Placa1-imagen3.jpg,0.999893899204244,0.9898776887389288,0.9799582463465554,0.9919695688926459,0.9877946127946128
1,Placa1-imagen5.jpg,0.9999071618037135,0.9918730650154799,0.9838771593090211,0.9926413632842758,0.9911059551430781
2,Placa1-imagen6.jpg,0.9996264367816092,0.9754324756505306,0.9520431328036323,0.9827182190978324,0.9682539682539683
3,Placa1-imagen15.jpg,0.9998983200707339,0.9908073541167067,0.9817821782178218,0.9927913496195434,0.988831272437176
4,Placa1-imagen17.jpg,0.9999071618037135,0.9893509127789046,0.9789262418464626,0.9908583037074657,0.9878481012658228
5,Placa1-imagen20.jpg,0.9996993810786914,0.9800293685756241,0.9608407716671465,0.9899139721150993,0.9703402151788311
