,Image,Accuracy,F1,Jaccard,Recall,Precision
0,Placa1-imagen2.jpg,0.9987312113174183,0.8959013420384476,0.8114323258869908,0.875886524822695,0.9168522642910171
1,Placa1-imagen6.jpg,0.9991246684350132,0.9427911008379082,0.8917737086635693,0.9557703573520797,0.9301596351197263
2,Placa1-imagen10.jpg,0.9982692307692308,0.9093225246091489,0.8337226587385856,0.934316991908615,0.8856304985337243
3,Placa1-imagen12.jpg,0.9989168877099912,0.9132436260623229,0.8403388725969371,0.9513094798967171,0.878106911814777
4,Placa1-imagen19.jpg,0.9987511052166225,0.8819720075203676,0.7888639760837071,0.9279120879120879,0.8403662420382165
5,Placa1-imagen20.jpg,0.9992992926613616,0.9526936278167438,0.9096608720433171,0.9469000296647879,0.9585585585585585
